{"cameraMode":{"drawMode":31,"name":"Sprite Mask","section":"Miscellaneous"},"sceneLighting":false,"audioPlay":false,"sceneViewState":{"showFog":true,"showMaterialUpdate":false,"showSkybox":false,"showFlares":true,"showImageEffects":true,"showParticleSystems":true},"in2DMode":false,"pivot":{"x":-29.24995231628418,"y":17.3760929107666,"z":12.642522811889649},"rotation":{"x":-0.07253053039312363,"y":-0.8052405118942261,"z":0.0920923575758934,"w":-0.5824946761131287},"size":1.2247449159622193,"orthographic":false}